0.0-ab30504,cheshire,cheshire-likelihood,cheshire-likelihood-laws
0.0-48bc44f,cheshire,cheshire-likelihood,cheshire-likelihood-laws
0.0-17042bc,cheshire,cheshire-likelihood,cheshire-likelihood-laws
0.0-693b365,cheshire,cheshire-likelihood,cheshire-likelihood-laws
0.0-ab6d4d6,cheshire,cheshire-likelihood,cheshire-likelihood-laws
0.0-a15137f,cheshire,cheshire-likelihood,cheshire-likelihood-laws
0.0-81d1fb1,cheshire,cheshire-likelihood,cheshire-likelihood-laws
0.0-26dfce6,cheshire,cheshire-likelihood,cheshire-likelihood-laws
0.0-016eeb3,cheshire,cheshire-likelihood,cheshire-likelihood-laws
0.0-3204382,cheshire,cheshire-likelihood,cheshire-likelihood-laws
0.0-8d5c845,cheshire,cheshire-likelihood,cheshire-likelihood-laws
0.0-8fbb569,cheshire,cheshire-likelihood,cheshire-likelihood-laws
0.0-3b2e459,cheshire,cheshire-likelihood,cheshire-likelihood-laws
0.0-de98652,cheshire,cheshire-likelihood,cheshire-likelihood-laws
0.0-4d6303f,cheshire,cheshire-likelihood,cheshire-likelihood-laws
0.0-7737dd6,cheshire,cheshire-likelihood,cheshire-likelihood-laws
0.0-aa7d879,cheshire,cheshire-likelihood,cheshire-likelihood-laws
0.0-d092c19,cheshire,cheshire-likelihood,cheshire-likelihood-laws
0.0-eab55c9,cheshire,cheshire-likelihood,cheshire-likelihood-laws
0.0-e956d05,cheshire,cheshire-likelihood,cheshire-likelihood-laws
0.0-b86dc0b,cheshire,cheshire-likelihood,cheshire-likelihood-laws
0.0-c20b50b,cheshire,cheshire-likelihood,cheshire-likelihood-laws
0.0-717c1cb,cheshire,cheshire-likelihood,cheshire-likelihood-laws
0.0-6326a42,cheshire,cheshire-likelihood,cheshire-likelihood-laws
0.0-fb77613,cheshire,cheshire-likelihood,cheshire-likelihood-laws
0.0-1a2f527,cheshire,cheshire-likelihood,cheshire-likelihood-laws
0.0-7e3377d,cheshire,cheshire-likelihood,cheshire-likelihood-laws
0.0-1b43d8a,cheshire,cheshire-likelihood,cheshire-likelihood-laws
0.0-09c033f,cheshire,cheshire-likelihood,cheshire-likelihood-laws
0.0-86245a6,cheshire,cheshire-likelihood,cheshire-likelihood-laws
0.0-6837b13,cheshire,cheshire-likelihood,cheshire-likelihood-laws
0.0-ad9052a,cheshire,cheshire-likelihood,cheshire-likelihood-laws
0.0-41f3202,cheshire,cheshire-likelihood,cheshire-likelihood-laws
0.0-5b7994c,cheshire,cheshire-likelihood,cheshire-likelihood-laws
0.0-e8345e5,cheshire,cheshire-likelihood,cheshire-likelihood-laws
0.0-c9634fa,cheshire,cheshire-likelihood,cheshire-likelihood-laws
0.0-673d488,cheshire,cheshire-likelihood,cheshire-likelihood-laws
0.0-b2613c9,cheshire,cheshire-likelihood,cheshire-likelihood-laws
0.0-6d154bb,cheshire,cheshire-likelihood,cheshire-likelihood-laws
0.0-8cb39fd,cheshire,cheshire-likelihood,cheshire-likelihood-laws
0.0-21939fe,cheshire,cheshire-likelihood,cheshire-likelihood-laws
0.0-150ed94,cheshire,cheshire-likelihood,cheshire-likelihood-laws
0.0-4135fdf,cheshire,cheshire-likelihood,cheshire-likelihood-laws
0.0-1f36d66,cheshire,cheshire-likelihood,cheshire-likelihood-laws
0.0-2f1e9b2,cheshire,cheshire-likelihood,cheshire-likelihood-laws
0.0-427bbef,cheshire,cheshire-likelihood,cheshire-likelihood-laws
0.0-3dd63d3,cheshire,cheshire-likelihood,cheshire-likelihood-laws
0.0-fb55c02,cheshire,cheshire-likelihood,cheshire-likelihood-laws
0.0-c59ae0e,cheshire,cheshire-likelihood,cheshire-likelihood-laws
0.0-f01c99c,cheshire,cheshire-likelihood,cheshire-likelihood-laws
0.0-28e8eae,cheshire,cheshire-likelihood,cheshire-likelihood-laws
0.0-1aba133,cheshire,cheshire-likelihood,cheshire-likelihood-laws
0.0-f535c1d,cheshire,cheshire-likelihood,cheshire-likelihood-laws
0.0-3218962,cheshire,cheshire-likelihood,cheshire-likelihood-laws
0.0-6ac375f,cheshire,cheshire-likelihood,cheshire-likelihood-laws
0.0-f90f59a,cheshire,cheshire-likelihood,cheshire-likelihood-laws
0.0-c309eae,cheshire,cheshire-likelihood,cheshire-likelihood-laws
0.0-1587990,cheshire,cheshire-likelihood,cheshire-likelihood-laws
0.0-3270e62,cheshire,cheshire-likelihood,cheshire-likelihood-laws
0.0-811d118,cheshire,cheshire-likelihood,cheshire-likelihood-laws
0.0-eb6fb60,cheshire,cheshire-likelihood,cheshire-likelihood-laws
0.0-367ab33,cheshire,cheshire-likelihood,cheshire-likelihood-laws
0.0-0be7b8d,cheshire,cheshire-likelihood,cheshire-likelihood-laws
0.0-8212ee7,cheshire,cheshire-likelihood,cheshire-likelihood-laws
0.0-ba80b5c,cheshire,cheshire-likelihood,cheshire-likelihood-laws
0.0-0a9d81f,cheshire,cheshire-likelihood,cheshire-likelihood-laws
0.0-9d259d2,cheshire,cheshire-likelihood,cheshire-likelihood-laws
0.0-74eb549,cheshire,cheshire-likelihood,cheshire-likelihood-laws
0.0-9c597d8,cheshire,cheshire-likelihood,cheshire-likelihood-laws
0.0-a244949,cheshire,cheshire-likelihood,cheshire-likelihood-laws
0.0-5225e7a,cheshire,cheshire-likelihood,cheshire-likelihood-laws
0.0-9ef74ae,cheshire,cheshire-likelihood,cheshire-likelihood-laws
0.0-f3bb776,cheshire,cheshire-likelihood,cheshire-likelihood-laws
0.0-72ea1ac,cheshire,cheshire-likelihood,cheshire-likelihood-laws
0.0-264c0b3,cheshire,cheshire-likelihood,cheshire-likelihood-laws
0.0-a3454c9,cheshire,cheshire-likelihood,cheshire-likelihood-laws
0.0-66ec522,cheshire,cheshire-likelihood,cheshire-likelihood-laws
0.0-1b23d3e,cheshire,cheshire-likelihood,cheshire-likelihood-laws
0.0-c882e57,cheshire,cheshire-likelihood,cheshire-likelihood-laws
0.0-4f21c48,cheshire,cheshire-likelihood,cheshire-likelihood-laws
0.0-c09cdb3,cheshire,cheshire-likelihood,cheshire-likelihood-laws
0.0-d8a88ec,cheshire,cheshire-likelihood,cheshire-likelihood-laws
0.0-47fd45f,cheshire,cheshire-likelihood,cheshire-likelihood-laws
0.0-fea75d6,cheshire,cheshire-likelihood,cheshire-likelihood-laws
0.0-8887747,cheshire,cheshire-likelihood,cheshire-likelihood-laws
0.0-c22141b,cheshire,cheshire-likelihood,cheshire-likelihood-laws
0.0-09aaae5,cheshire,cheshire-likelihood,cheshire-likelihood-laws
0.0-9fbb871,cheshire,cheshire-likelihood,cheshire-likelihood-laws
0.0-73f6ca3,cheshire,cheshire-likelihood,cheshire-likelihood-laws
0.0-5191468,cheshire,cheshire-likelihood,cheshire-likelihood-laws
0.0-9e5174c,cheshire,cheshire-likelihood,cheshire-likelihood-laws
0.0-ebff96e,cheshire,cheshire-likelihood,cheshire-likelihood-laws
0.0-2cf3c08,cheshire,cheshire-likelihood,cheshire-likelihood-laws
0.0-a810e67,cheshire,cheshire-likelihood,cheshire-likelihood-laws
0.0-ff08db1,cheshire,cheshire-likelihood,cheshire-likelihood-laws
0.0-d3a1fa7,cheshire,cheshire-likelihood,cheshire-likelihood-laws
0.0-7b0d5a6,cheshire,cheshire-likelihood,cheshire-likelihood-laws
0.0-a873e1a,cheshire,cheshire-likelihood,cheshire-likelihood-laws
0.0-fc9d292,cheshire,cheshire-likelihood,cheshire-likelihood-laws
0.0-c271c5e,cheshire,cheshire-likelihood,cheshire-likelihood-laws
0.0-a61baef,cheshire,cheshire-likelihood,cheshire-likelihood-laws
0.0-e2df337,cheshire,cheshire-likelihood,cheshire-likelihood-laws
0.0-eed368c,cheshire,cheshire-likelihood,cheshire-likelihood-laws
0.0-721f82f,cheshire,cheshire-likelihood,cheshire-likelihood-laws
0.0-b012e82,cheshire,cheshire-likelihood,cheshire-likelihood-laws
0.0-e150d31,cheshire,cheshire-likelihood,cheshire-likelihood-laws
0.0-8ec61a8,cheshire,cheshire-likelihood,cheshire-likelihood-laws
0.0-3ef5478,cheshire,cheshire-likelihood,cheshire-likelihood-laws
0.0-d1199ce,cheshire,cheshire-likelihood,cheshire-likelihood-laws
0.0-3e38499,cheshire,cheshire-likelihood,cheshire-likelihood-laws
0.0-18c83ca,cheshire,cheshire-likelihood,cheshire-likelihood-laws
0.0-0786092,cheshire,cheshire-likelihood,cheshire-likelihood-laws
0.0-f2019ab,cheshire,cheshire-likelihood,cheshire-likelihood-laws
0.0-c7e3344,cheshire,cheshire-likelihood,cheshire-likelihood-laws
0.0-61a2e97,cheshire,cheshire-likelihood,cheshire-likelihood-laws
0.0-0263199,cheshire,cheshire-likelihood,cheshire-likelihood-laws
0.0-66ba26c,cheshire,cheshire-likelihood,cheshire-likelihood-laws
0.0-2abf080,cheshire,cheshire-likelihood,cheshire-likelihood-laws
0.0-08decbc,cheshire,cheshire-likelihood,cheshire-likelihood-laws
0.0-8062d4d,cheshire,cheshire-likelihood,cheshire-likelihood-laws
0.0-0cea5de,cheshire,cheshire-likelihood,cheshire-likelihood-laws
0.0-1b3f46e,cheshire,cheshire-likelihood,cheshire-likelihood-laws
0.0-d37e1b9,cheshire,cheshire-likelihood,cheshire-likelihood-laws
0.0-69c8b48,cheshire,cheshire-likelihood,cheshire-likelihood-laws
0.0-505e735,cheshire,cheshire-likelihood,cheshire-likelihood-laws
0.0-eec677a,cheshire,cheshire-likelihood,cheshire-likelihood-laws
0.0-6290557,cheshire,cheshire-likelihood,cheshire-likelihood-laws
0.0-e08f7ac,cheshire,cheshire-likelihood,cheshire-likelihood-laws
0.0-65f5112,cheshire,cheshire-likelihood,cheshire-likelihood-laws
0.0-8a4c7c8,cheshire,cheshire-likelihood,cheshire-likelihood-laws
0.0-4ea1b90,cheshire,cheshire-likelihood,cheshire-likelihood-laws
0.0-39278d9,cheshire,cheshire-likelihood,cheshire-likelihood-laws
0.0-c13acd0,cheshire,cheshire-likelihood,cheshire-likelihood-laws
0.0-f352725,cheshire,cheshire-likelihood,cheshire-likelihood-laws
0.0-6306123,cheshire,cheshire-likelihood,cheshire-likelihood-laws
0.0-45247f8,cheshire,cheshire-likelihood,cheshire-likelihood-laws
0.0-9dd4e18,cheshire,cheshire-likelihood,cheshire-likelihood-laws
0.0-4988d8b,cheshire,cheshire-likelihood,cheshire-likelihood-laws
0.0-a69c5d5,cheshire,cheshire-likelihood,cheshire-likelihood-laws
0.0-4597cc3,cheshire,cheshire-likelihood,cheshire-likelihood-laws
0.0-0033114,cheshire,cheshire-likelihood,cheshire-likelihood-laws
0.0-7ea28b7,cheshire,cheshire-likelihood,cheshire-likelihood-laws
0.0-579c0f9,cheshire,cheshire-likelihood,cheshire-likelihood-laws
0.0-31ceff5,cheshire,cheshire-likelihood,cheshire-likelihood-laws
0.0-9e0e91b,cheshire,cheshire-likelihood,cheshire-likelihood-laws
0.0-4098060,cheshire,cheshire-likelihood,cheshire-likelihood-laws