3.0.2+2-20301877,html-interpolationparser
3.0.2+1-bc750e69,html-interpolationparser
3.0.2,html-interpolationparser
3.0.1+2-252000d2,html-interpolationparser
3.0.1+1-1027b1e6,html-interpolationparser
3.0.1+1-e10211a0,html-interpolationparser
3.0.1,html-interpolationparser
3.0.0+18-24b30d5c,html-interpolationparser
3.0.0+17-6ba9663d,html-interpolationparser
3.0.0+16-e0979e02,html-interpolationparser
3.0.0,html-interpolationparser
3.0.0-M0+75-69a6a07e,html-interpolationparser
3.0.0-M0+74-e4b69370,html-interpolationparser
3.0.0-M0+72-532ef3fc,html-interpolationparser
3.0.0-M0+73-dff447f3,html-interpolationparser
3.0.0-M0+70-a7a7559f,html-interpolationparser
3.0.0-M0+71-3ac8d7e2,html-interpolationparser
3.0.0-M0+70-3a825c58,html-interpolationparser
3.0.0-M0+70-d224b482,html-interpolationparser
3.0.0-M0+69-8650fcb3,html-interpolationparser
3.0.0-M0+68-748a5ab9,html-interpolationparser
3.0.0-M0+67-74e9ee9e,html-interpolationparser
3.0.0-M0+66-d39c7776,html-interpolationparser
3.0.0-M0+65-0c849664,html-interpolationparser
3.0.0-M0+64-012e8413,html-interpolationparser
3.0.0-M0+63-609e0f41,html-interpolationparser
3.0.0-M0+62-aff4bf79,html-interpolationparser
3.0.0-M0+59-d46841da,html-interpolationparser
3.0.0-M0+58-39aac871,html-interpolationparser
3.0.0-M0+58-65438c8c,html-interpolationparser
3.0.0-M0+57-e9ae339b,html-interpolationparser
3.0.0-M0+57-3fbd0953,html-interpolationparser
3.0.0-M0+57-7a30c090,html-interpolationparser
3.0.0-M0+56-0df60883,html-interpolationparser
3.0.0-M0+53-3ec3e8d0,html-interpolationparser
3.0.0-M0+52-d1f3ab59,html-interpolationparser
3.0.0-M0+51-09358314,html-interpolationparser
3.0.0-M0+50-5d52b3ee,html-interpolationparser
3.0.0-M0+19-fcecb45b,html-interpolationparser
3.0.0-M0+48-48bac3f3,html-interpolationparser
3.0.0-M0+18-a9a7facf,html-interpolationparser
3.0.0-M0+17-456d0cf4,html-interpolationparser
3.0.0-M0+18-20059895,html-interpolationparser
3.0.0-M0+19-f69c2c07,html-interpolationparser
3.0.0-M0+18-c3d1ea99,html-interpolationparser
3.0.0-M0+17-236ed6bc,html-interpolationparser
3.0.0-M0+18-0cdf4cfc,html-interpolationparser
3.0.0-M0+17-d0ec0a49,html-interpolationparser
3.0.0-M0+16-80a0a1bf,html-interpolationparser
3.0.0-M0+16-89fc5742,html-interpolationparser
3.0.0-M0+17-f3807cb5,html-interpolationparser
3.0.0-M0+16-f19a982b,html-interpolationparser
3.0.0-M0+17-5107f0cd,html-interpolationparser
3.0.0-M0+17-cee5fecd,html-interpolationparser
3.0.0-M0+16-6214465f,html-interpolationparser
3.0.0-M0+15-d036f3f9,html-interpolationparser
3.0.0-M0+14-ec8dde80,html-interpolationparser
3.0.0-M0+13-339a9a3c,html-interpolationparser
3.0.0-M0+13-203010ea,html-interpolationparser
3.0.0-M0+12-97fb5368,html-interpolationparser
3.0.0-M0+9-a08825bc,html-interpolationparser
3.0.0-M0+9-c6ce6f2a,html-interpolationparser
3.0.0-M0+8-6d661b6a,html-interpolationparser
3.0.0-M0+5-746dfce5,html-interpolationparser
3.0.0-M0,html-interpolationparser