0.40.0,lucuma-catalog,lucuma-ags,lucuma-catalog-testkit
0.39.0,lucuma-catalog,lucuma-ags,lucuma-catalog-testkit
0.38.1,lucuma-catalog,lucuma-ags,lucuma-catalog-testkit
0.38.0,lucuma-catalog,lucuma-ags,lucuma-catalog-testkit
0.37.4,lucuma-catalog,lucuma-ags,lucuma-catalog-testkit
0.37.3,lucuma-catalog,lucuma-ags,lucuma-catalog-testkit
0.37.2,lucuma-catalog,lucuma-ags,lucuma-catalog-testkit
0.37.1,lucuma-catalog,lucuma-ags,lucuma-catalog-testkit
0.37.0,lucuma-catalog,lucuma-ags,lucuma-catalog-testkit
0.36.0,lucuma-catalog,lucuma-ags,lucuma-catalog-testkit
0.35.0,lucuma-catalog,lucuma-ags,lucuma-catalog-testkit
0.34.0,lucuma-catalog,lucuma-ags,lucuma-catalog-testkit
0.33.0,lucuma-catalog,lucuma-ags,lucuma-catalog-testkit
0.32.0,lucuma-catalog,lucuma-ags,lucuma-catalog-testkit
0.31.0,lucuma-catalog,lucuma-ags,lucuma-catalog-testkit
0.30.0,lucuma-catalog,lucuma-ags,lucuma-catalog-testkit
0.29.6,lucuma-catalog,lucuma-ags,lucuma-catalog-testkit
0.29.5,lucuma-catalog,lucuma-ags,lucuma-catalog-testkit
0.29.4,lucuma-catalog,lucuma-ags,lucuma-catalog-testkit
0.29.3,lucuma-catalog,lucuma-ags,lucuma-catalog-testkit
0.29.2,lucuma-catalog,lucuma-ags,lucuma-catalog-testkit
0.29.1,lucuma-catalog,lucuma-ags,lucuma-catalog-testkit
0.29.0,lucuma-catalog,lucuma-ags,lucuma-catalog-testkit
0.28.0,lucuma-catalog,lucuma-ags,lucuma-catalog-testkit
0.27.1,lucuma-catalog,lucuma-ags,lucuma-catalog-testkit
0.27.0,lucuma-catalog,lucuma-ags,lucuma-catalog-testkit
0.26.0,lucuma-catalog,lucuma-ags,lucuma-catalog-testkit