0.27.0,clue-core,clue-http4s,clue-model
0.26.0,clue-core,clue-http4s,clue-model
0.25.1,clue-core,clue-http4s,clue-model
0.25.0,clue-core,clue-http4s,clue-model
0.24.1,clue-core,clue-http4s,clue-model
0.24.0,clue-core,clue-http4s,clue-model
0.23.2,clue-core,clue-http4s,clue-model
0.23.1,clue-core,clue-http4s,clue-model
0.23.0,clue-core,clue-http4s,clue-model
0.22.0,clue-core,clue-http4s,clue-model
0.21.0,clue-core,clue-http4s,clue-model
0.20.3,clue-core,clue-http4s-jdk-client,clue-model
0.20.2,clue-core,clue-http4s-jdk-client,clue-model
0.20.0,clue-core,clue-http4s-jdk-client,clue-model
0.19.1,clue-core,clue-http4s-jdk-client,clue-model
0.19.0,clue-core,clue-http4s-jdk-client,clue-model
0.18.6,clue-core,clue-http4s-jdk-client,clue-model
0.18.5,clue-core,clue-http4s-jdk-client,clue-model
0.18.4,clue-core,clue-http4s-jdk-client,clue-model
0.18.3,clue-core,clue-http4s-jdk-client,clue-model
0.18.2,clue-core,clue-http4s-jdk-client,clue-model
0.18.1,clue-core,clue-http4s-jdk-client,clue-model
0.18.0,clue-core,clue-http4s-jdk-client,clue-model