0.3.90,dhall-generic
0.3.89,dhall-generic
0.3.88,dhall-generic
0.3.87,dhall-generic
0.3.86,dhall-generic
0.3.81,dhall-generic
0.3.80,dhall-generic
0.3.79,dhall-generic
0.3.78,dhall-generic
0.3.77,dhall-generic
0.3.76,dhall-generic
0.3.75,dhall-generic
0.3.74,dhall-generic
0.3.73,dhall-generic
0.3.66,dhall-generic
0.3.65,dhall-generic
0.3.59,dhall-generic
0.3.58,dhall-generic
0.3.57,dhall-generic
0.3.56,dhall-generic
0.3.55,dhall-generic
0.3.54,dhall-generic
0.3.53,dhall-generic
0.3.52,dhall-generic
0.3.51,dhall-generic
0.3.50,dhall-generic
0.3.49,dhall-generic
0.3.48,dhall-generic
0.3.47,dhall-generic
0.3.43,dhall-generic
0.3.42,dhall-generic
0.3.41,dhall-generic
0.3.40,dhall-generic
0.3.39,dhall-generic
0.3.38,dhall-generic
0.3.37,dhall-generic
0.3.36,dhall-generic