1.170,overflowdb-formats,overflowdb-traversal
1.169,overflowdb-formats,overflowdb-traversal
1.168,overflowdb-formats,overflowdb-traversal
1.167,overflowdb-formats,overflowdb-traversal
1.166,overflowdb-formats,overflowdb-traversal
1.160,overflowdb-formats,overflowdb-traversal
1.159,overflowdb-formats,overflowdb-traversal
1.158,overflowdb-formats,overflowdb-traversal
1.157,overflowdb-formats,overflowdb-traversal
1.156,overflowdb-formats,overflowdb-traversal
1.155,overflowdb-formats,overflowdb-traversal
1.153,overflowdb-formats,overflowdb-traversal
1.152,overflowdb-formats,overflowdb-traversal
1.151,overflowdb-formats,overflowdb-traversal
1.150,overflowdb-formats,overflowdb-traversal
1.149,overflowdb-formats,overflowdb-traversal
1.148,overflowdb-formats,overflowdb-traversal
1.147,overflowdb-formats,overflowdb-traversal
1.146,overflowdb-formats,overflowdb-traversal
1.145,overflowdb-formats,overflowdb-traversal
1.144,overflowdb-formats,overflowdb-traversal
1.143,overflowdb-formats,overflowdb-traversal
1.142,overflowdb-formats,overflowdb-traversal
1.141,overflowdb-formats,overflowdb-traversal
1.140,overflowdb-formats,overflowdb-traversal
1.139,overflowdb-formats,overflowdb-traversal
1.138,overflowdb-formats,overflowdb-traversal
1.137,overflowdb-formats,overflowdb-traversal
1.136,overflowdb-formats,overflowdb-traversal
1.135,overflowdb-formats,overflowdb-traversal
1.134,overflowdb-formats,overflowdb-traversal
1.132,overflowdb-formats,overflowdb-traversal
1.131,overflowdb-formats,overflowdb-traversal
1.130,overflowdb-formats,overflowdb-traversal
1.129,overflowdb-formats,overflowdb-traversal
1.128,overflowdb-formats,overflowdb-traversal
1.127,formats,overflowdb-traversal
1.126,formats,overflowdb-traversal
1.125,formats,overflowdb-traversal
1.124,formats,overflowdb-traversal
1.123,formats,overflowdb-traversal
1.122,formats,overflowdb-traversal
1.121,formats,overflowdb-traversal
1.120,formats,overflowdb-traversal
1.119,formats,overflowdb-traversal
1.118,formats,overflowdb-traversal
1.117,formats,overflowdb-traversal
1.116,formats,overflowdb-traversal
1.115,overflowdb-traversal
1.114,overflowdb-traversal
1.113,overflowdb-traversal
1.112,overflowdb-traversal
1.111,overflowdb-traversal
1.110,overflowdb-traversal
1.109,overflowdb-traversal
1.108,overflowdb-traversal
1.107,overflowdb-traversal
1.106,overflowdb-traversal
1.105,overflowdb-traversal
1.104,overflowdb-traversal
1.103,overflowdb-traversal
1.102,overflowdb-traversal
1.101,overflowdb-traversal
1.100,overflowdb-traversal
1.99,overflowdb-traversal
1.98,overflowdb-traversal
1.97,overflowdb-traversal
1.96,overflowdb-traversal
1.95,overflowdb-traversal
1.94,overflowdb-traversal
1.93,overflowdb-traversal
1.92,overflowdb-traversal
1.91,overflowdb-traversal
1.90,overflowdb-traversal
1.89,overflowdb-traversal
1.88,overflowdb-traversal
1.87,overflowdb-traversal
1.86,overflowdb-traversal
1.85,overflowdb-traversal
1.84,overflowdb-traversal
1.83,overflowdb-traversal