0.10.0,zio-mongodb-bson,zio-mongodb-driver,zio-mongodb-testkit
0.9.1,zio-mongodb-bson,zio-mongodb-driver,zio-mongodb-testkit
0.9.0,zio-mongodb-bson,zio-mongodb-driver,zio-mongodb-testkit
0.8.0,zio-mongodb-bson,zio-mongodb-driver,zio-mongodb-testkit
0.7.1,zio-mongodb-bson,zio-mongodb-driver,zio-mongodb-testkit
0.5.1,zio-mongodb-bson,zio-mongodb-driver,zio-mongodb-testkit
0.7.0,zio-mongodb-bson,zio-mongodb-driver,zio-mongodb-testkit
0.6.2,zio-mongodb-bson,zio-mongodb-driver,zio-mongodb-testkit
0.6.1,zio-mongodb-bson,zio-mongodb-driver,zio-mongodb-testkit
0.6.0,zio-mongodb-bson,zio-mongodb-driver,zio-mongodb-testkit
0.5.0,zio-mongodb-bson,zio-mongodb-driver,zio-mongodb-testkit
0.4.1,zio-mongodb-bson,zio-mongodb-driver,zio-mongodb-testkit
0.4.0,zio-mongodb-bson,zio-mongodb-driver,zio-mongodb-testkit
0.3.0,zio-mongodb-bson,zio-mongodb-driver,zio-mongodb-testkit
0.2.1,zio-mongodb-bson,zio-mongodb-driver
0.1.4,zio-mongodb-bson,zio-mongodb-driver