2.0.1,zio-interop-reactivestreams
2.0.0,zio-interop-reactivestreams
1.3.12,zio-interop-reactivestreams
2.0.0-RC7,zio-interop-reactivestreams
1.3.10,zio-interop-reactivestreams
2.0.0-RC6,zio-interop-reactivestreams
2.0.0-RC5,zio-interop-reactivestreams
2.0.0-RC4,zio-interop-reactivestreams
2.0.0-RC3,zio-interop-reactivestreams
2.0.0-RC2,zio-interop-reactivestreams
1.3.9,zio-interop-reactivestreams
2.0.0-RC1,zio-interop-reactivestreams
2.0.0-M3,zio-interop-reactivestreams
2.0.0-M2,zio-interop-reactivestreams
2.0.0-M1,zio-interop-reactivestreams
1.3.8,zio-interop-reactivestreams
1.3.7,zio-interop-reactivestreams
1.3.5,zio-interop-reactivestreams