3.0.0-RC6,zio-opencensus,zio-opentelemetry,zio-opentracing
3.0.0-RC5,zio-opencensus,zio-opentelemetry,zio-opentracing
3.0.0-RC3,zio-opencensus,zio-opentelemetry,zio-opentracing
3.0.0-RC2,zio-opencensus,zio-opentelemetry,zio-opentracing
3.0.0-RC1,zio-opencensus,zio-opentelemetry,zio-opentracing
2.0.3,zio-opencensus,zio-opentelemetry,zio-opentracing
2.0.2,zio-opencensus,zio-opentelemetry,zio-opentracing
2.0.1,zio-opencensus,zio-opentelemetry,zio-opentracing
2.0.0,zio-opencensus,zio-opentelemetry,zio-opentracing
2.0.0-RC3,zio-opencensus,zio-opentelemetry,zio-opentracing
2.0.0-RC2,zio-opencensus,zio-opentelemetry,zio-opentracing
2.0.0-RC1,zio-opencensus,zio-opentelemetry,zio-opentracing
1.0.0,zio-opencensus,zio-opentelemetry,zio-opentracing
0.9.0,zio-opencensus,zio-opentelemetry,zio-opentracing
0.8.3,zio-opencensus,zio-opentelemetry,zio-opentracing
0.8.2,zio-opencensus,zio-opentelemetry,zio-opentracing